"SampleID","Range","Haplogroup","Input_Sample","Dataset","Population code","Superpop_code_self","SuperPopulation","Hgsubgroup","oneletter","MacroPhylo"
"HGDP00490","1-16569","Q1c1a","73G 89C 92A 146C 263G 309.1C 309.2C 315.1C 489C 750G 1391C 1438G 2706G 3107d 4117C 4707T 5460A 5843G 6221C 7028T 7388G 8156A 8701G 8790A 8860G 8964T 9540C 10398G 10400T 10801A 10873C 11719A 12705T 12940A 13368A 13500C 14025C 14404T 14766T 14783C 15043A 15301A 15326G 16129A 16144C 16148T 16241G 16265C 16311C 16343G 16488T","HGDP",NA,"Other (Oceania)","Oth","Q1","Q","M*"
"HGDP00491","1-16569","Q1c1a","73G 89C 92A 146C 263G 309.1C 309.2C 315.1C 489C 750G 1391C 1438G 2706G 3107d 4117C 4707T 5460A 5843G 6221C 7028T 7388G 8114A 8701G 8790A 8860G 8964T 9540C 10398G 10400T 10801A 10873C 11719A 12705T 12940A 13368A 13500C 14025C 14404T 14766T 14783C 15043A 15301A 15326G 15884A 16129A 16144C 16148T 16241G 16265C 16311C 16343G 16488T","HGDP",NA,"Other (Oceania)","Oth","Q1","Q","M*"
"HGDP00540","1-16569","Q3a+61+62","61T 62A 73G 143A 263G 489C 750G 1438G 2706G 2768G 3107d 4025T 4117C 4335T 4769G 5843G 7028T 7169C 8701G 8790A 8860G 9540C 10398G 10400T 10873C 11719A 12705T 12940A 13368A 13500C 14766T 14783C 15043A 15172A 15301A 15326G 15939T 16129A 16223T 16241G 16266T 16311C 16390A","HGDP",NA,"Other (Oceania)","Oth","Q3","Q","M*"
"HGDP00541","1-16569","Q3a+61+62","61T 62A 73G 143A 195C 263G 309.1C 315.1C 489C 750G 1438G 2706G 2768G 3107d 4117C 4335T 5843G 7028T 8578T 8701G 8790A 8860G 9540C 10398G 10400T 10873C 11260C 11719A 12705T 12940A 13500C 14766T 14783C 15043A 15172A 15301A 15326G 16129A 16223T 16241G 16311C","HGDP",NA,"Other (Oceania)","Oth","Q3","Q","M*"
"HGDP00542","1-16569","Q3a+61+62","61T 62A 73G 143A 195C 263G 309.1C 315.1C 489C 750G 1438G 2706G 2768G 3107d 4117C 4335T 4769G 5843G 7028T 8578T 8701G 8790A 8860G 9540C 10398G 10400T 10873C 11260C 11719A 12705T 12940A 13500C 14766T 14783C 15043A 15172A 15301A 15326G 16129A 16223T 16241G 16311C","HGDP",NA,"Other (Oceania)","Oth","Q3","Q","M*"
"HGDP00543","1-16569","P2*1","73G 143A 263G 750G 2706G 3107d 3203G 3882A 4122G 4384C 4769G 5046A 7028T 8572A 8859T 8860G 9293T 10914A 11719A 13749T 14766T 14890G 15326G 15607G 16278T 16519C","HGDP",NA,"Other (Oceania)","Oth","P2","P","R*"
"HGDP00544","1-16569","Q1a1a","73G 89C 92A 146C 263G 489C 750G 1438G 2706G 3107d 4117C 4769G 5460A 5843G 7028T 7681T 8310C 8701G 8790A 8860G 8964T 9266A 9540C 10398G 10400T 10873C 11719A 12705T 12771A 12940A 13500C 14025C 14178C 14766T 14783C 15043A 15289C 15301A 15326G 15663C 15884A 16129A 16144C 16148T 16222T 16241G 16265C 16269G 16293G 16311C 16343G 16519C","HGDP",NA,"Other (Oceania)","Oth","Q1","Q","M*"
"HGDP00545","1-16569","Q1a1","73G 89C 92A 146C 208C 263G 489C 750G 1438G 2706G 3107d 4117C 4769G 5460A 5843G 7028T 7061G 7181T 7681T 8701G 8790A 8860G 8964T 9540C 10398G 10400T 10873C 11719A 12705T 12853T 12940A 13500C 14025C 14766T 14783C 15043A 15301A 15326G 16129A 16148T 16223T 16241G 16265C 16274A 16311C 16343G","HGDP",NA,"Other (Oceania)","Oth","Q1","Q","M*"
"HGDP00546","1-16569","P1d1a","73G 212C 263G 309.2C 309.1C 315.1C 709A 750G 1438G 2706G 3107d 4769G 5969T 6077T 7028T 8860G 9033G 9055A 9554A 10118C 11719A 12191T 12346T 13020C 14766T 15326G 15355A 15607G 16176T 16189C 16266T 16270T 16319A 16357C","HGDP",NA,"Other (Oceania)","Oth","P1","P","R*"
"HGDP00547","1-16569","Q3a1","61T 62A 73G 143A 263G 315.1C 489C 750G 1438G 2706G 2768G 3107d 4117C 4219A 4335T 4769G 5843G 7028T 8701G 8790A 8860G 9254G 9540C 10398G 10400T 10873C 11719A 12248G 12705T 12940A 13500C 14766T 14783C 15043A 15172A 15301A 15326G 16129A 16182.1C 16183C 16189C 16209C 16223T 16241G 16311C","HGDP",NA,"Other (Oceania)","Oth","Q3","Q","M*"
"HGDP00549","1-16569","Q1a1","73G 89C 92A 114T 146C 208C 263G 309.1C 315.1C 489C 523d 524d 750G 1438G 2706G 3107d 4117C 4769G 5460A 5843G 6272G 7028T 7681T 8701G 8790A 8860G 8964T 9540C 10203A 10398G 10400T 10873C 10978G 11719A 12705T 12940A 13500C 14025C 14766T 14783C 15043A 15301A 15326G 16129A 16144C 16148T 16223T 16241G 16265C 16311C 16343G","HGDP",NA,"Other (Oceania)","Oth","Q1","Q","M*"
"HGDP00550","1-16569","P1d1","73G 263G 315.1C 750G 1438G 2483C 2706G 3107d 4639C 4769G 6077T 7028T 8860G 10118C 11719A 12346T 13071T 14766T 15326G 15596A 15607G 16176T 16266T 16270T 16357C","HGDP",NA,"Other (Oceania)","Oth","P1","P","R*"
"HGDP00551","1-16569","P1","73G 125C 127C 195C 263G 315.1C 524.1AC 750G 1438G 2359T 2706G 3107d 4017T 4769G 6077T 7028T 7859A 8860G 8865A 10118C 11473G 11719A 11807G 12603T 12842C 13105G 13269G 14766T 15326G 15479C 15607G 16147T 16176T 16266T 16287T 16294T 16357C 16527T","HGDP",NA,"Other (Oceania)","Oth","P1","P","R*"
"HGDP00553","1-16569","Q1a1a","73G 89C 93G 146C 208C 263G 279C 315.1C 489C 750G 1438G 2706G 3107d 4117C 4703C 4769G 5460A 5843G 7028T 7681T 7948T 8701G 8790A 8860G 8964T 9266A 9540C 10398G 10400T 10873C 11719A 12705T 12940A 13086T 13500C 14025C 14766T 14783C 15043A 15301A 15326G 16129A 16144C 16148T 16182.1C 16183C 16189C 16222T 16265C 16311C 16343G","HGDP",NA,"Other (Oceania)","Oth","Q1","Q","M*"
"HGDP00555","1-16569","Q1","73G 89C 92A 146C 263G 309.1C 315.1C 489C 750G 1438G 2706G 3107d 4117C 5460A 7028T 8286C 8701G 8790A 8860G 8964T 9540C 10398G 10400T 10873C 11422T 11719A 12705T 12940A 13500C 14025C 14766T 14783C 14891T 15043A 15289C 15301A 15326G 15908C 16129A 16144C 16148T 16223T 16261T 16265C 16311C 16343G","HGDP",NA,"Other (Oceania)","Oth","Q1","Q","M*"
"HGDP00556","1-16569","Q1","72C 73G 89C 92A 94A 96T 146C 234G 263G 315.1C 489C 534T 750G 1438G 2706G 3107d 3945T 4117C 4769G 5460A 5843G 6614C 7028T 8701G 8790A 8860G 8964T 9540C 10398G 10400T 10873C 11719A 12705T 12940A 13500C 14025C 14766T 14783C 15043A 15301A 15326G 15908C 16129A 16144C 16148T 16192T 16223T 16241G 16260T 16261T 16265C 16311C 16318T 16319A 16343G","HGDP",NA,"Other (Oceania)","Oth","Q1","Q","M*"
"HGDP00655","1-16569","B4a1a1a1c","73G 94A 146C 263G 309.2C 309.1C 315.1C 523d 524d 750G 1438G 2706G 3107d 5465C 6719C 6905G 7028T 7419A 8281d 8282d 8283d 8284d 8285d 8286d 8287d 8288d 8289d 8860G 9123A 10084C 10238C 11719A 12239T 13479G 14022G 14766T 15326G 15746G 16129A 16182C 16183C 16189C 16217C 16247G 16261T 16519C","HGDP",NA,"Other (Oceania)","Oth","B4","B","B"
"HGDP00661","1-16569","B4a1a1aa","73G 146C 263G 310C 750G 1438G 2706G 3107d 4742C 4769G 5465C 6719C 7028T 8860G 9123A 10238C 11719A 12239T 14022G 14766T 15326G 15746G 16182C 16183C 16189C 16217C 16247G 16261T 16311C 16519C","HGDP",NA,"Other (Oceania)","Oth","B4","B","B"
"HGDP00662","1-16569","B4a1a1","73G 146C 263G 309T 309.2C 309.1C 315.1C 523d 524d 750G 1438G 2706G 3107d 4769G 5465C 6719C 7028T 7930G 8281d 8282d 8283d 8284d 8285d 8286d 8287d 8288d 8289d 8860G 9123A 10238C 11719A 12239T 13019A 14022G 14766T 15326G 15746G 16182C 16183C 16189C 16217C 16247G 16261T 16519C","HGDP",NA,"Other (Oceania)","Oth","B4","B","B"
"HGDP00663","1-16569","Q1c1a","73G 89C 92A 146C 263G 309.1C 309.2C 315.1C 489C 750G 1391C 1438G 2706G 3107d 4117C 4707T 4769G 5460A 5843G 6221C 7028T 7388G 8701G 8790A 8860G 8964T 9540C 10398G 10400T 10801A 10873C 11719A 12705T 12940A 13368A 13500C 14025C 14404T 14766T 14783C 15043A 15301A 15326G 16129A 16144C 16148T 16241G 16265C 16311C 16343G 16488T","HGDP",NA,"Other (Oceania)","Oth","Q1","Q","M*"
"HGDP00787","1-16569","Q1c1","73G 89C 92A 146C 263G 310C 489C 750G 1391C 1438G 2706G 3107d 4117C 4707T 4769G 5460A 5843G 6221C 7028T 8701G 8790A 8860G 8964T 9540C 10398G 10400T 10873C 11719A 12705T 12940A 13368A 13500C 14025C 14404T 14766T 14783C 15043A 15301A 15326G 16129A 16144C 16148T 16172C 16241G 16265C 16311C 16343G 16519C","HGDP",NA,"Other (Oceania)","Oth","Q1","Q","M*"
"HGDP00788","1-16569","B4a1a1a2","73G 146C 263G 309.1C 315.1C 523d 524d 750G 1438G 2706G 3107d 4769G 5465C 6719C 6905G 7028T 8281d 8282d 8283d 8284d 8285d 8286d 8287d 8288d 8289d 8860G 9123A 10238C 11719A 12239T 14022G 14766T 15326G 15746G 16182C 16183C 16189C 16217C 16261T 16292T 16519C","HGDP",NA,"Other (Oceania)","Oth","B4","B","B"
"HGDP00823","1-16569","B4a1a1aa","73G 146C 263G 309.2C 309.1C 315.1C 523d 524d 750G 1438G 2706G 3107d 4742C 5465C 6719C 7028T 8281d 8282d 8283d 8284d 8285d 8286d 8287d 8288d 8289d 8860G 9123A 10238C 11719A 12239T 14022G 14766T 15326G 15746G 16129A 16182C 16183C 16189C 16217C 16247G 16261T 16311C 16519C","HGDP",NA,"Other (Oceania)","Oth","B4","B","B"
"SAMEA3302636","1-16569","M27c","73G 146C 150T 151T 186T 263G 489C 750G 1438G 1692G 2706G 3107d 3397G 4769G 5375T 7028T 8503C 8701G 8860G 9033G 9127G 9201T 9540C 10398G 10400T 10873C 11719A 11959G 12358G 12370T 12705T 14766T 14783C 14870G 15043A 15301A 15326G 16223T 16301T 16304C","SGDP",NA,"Other (Oceania)","Oth","M27","M","M*"
"SAMEA3302681","1-16569","S2","73G 263G 471C 750G 1438G 2263A 2380T 2416C 2706G 3107d 3438A 4769G 6167C 7028T 7521A 8404C 8860G 9174C 10736T 11023G 11719A 12705T 13135A 13708A 14182C 14455T 14766T 15326G 16184T 16223T 16256T 16519C","SGDP",NA,"Other (Oceania)","Oth","S2","S","N*"
"SAMEA3302700","1-16569","Q1","73G 89C 146C 152C 263G 310C 489C 750G 1438G 2706G 3107d 4117C 4769G 5447A 5460A 5843G 6131G 7028T 7825T 8701G 8790A 8860G 8964T 9540C 10398G 10400T 10873C 11719A 12705T 12940A 13500C 14025C 14766T 14783C 15043A 15301A 15326G 16129A 16144C 16148T 16172C 16223T 16241G 16265C 16311C 16343G","SGDP",NA,"Other (Oceania)","Oth","Q1","Q","M*"
"SAMEA3302704","1-16569","P1d","73G 212C 263G 750G 1438G 2706G 3107d 4769G 5987A 6077T 7028T 7849T 8860G 10118C 11254C 11339C 11719A 12346T 13443C 13708A 13879C 14766T 15326G 15607G 16176T 16311C 16357C","SGDP",NA,"Other (Oceania)","Oth","P1","P","R*"
"SAMEA3302719","1-16569","M42a","73G 152C 215G 263G 310C 489C 750G 1438G 1598A 2706G 3107d 4508T 4769G 6104T 7028T 7675T 8251A 8701G 8793C 8805G 8838A 8860G 9156G 9540C 10398G 10400T 10688A 10873C 11016A 11150A 11701C 11719A 12705T 12771A 13145A 13660G 13980A 14766T 14783C 15043A 15301A 15326G 16223T 16287T 16311C 16356C 16390A 16399G 16519C","SGDP",NA,"Other (Oceania)","Oth","M42","M","M*"
"SAMEA3302746","1-16569","Q1a1a","73G 89C 146C 208C 263G 279C 489C 750G 1438G 2706G 3107d 4117C 4703C 4769G 5460A 5843G 7028T 7681T 7948T 8701G 8790A 8860G 8964T 9266A 9540C 10398G 10400T 10873C 11719A 12705T 12940A 13086T 13500C 14025C 14766T 14783C 15043A 15301A 15326G 16129A 16144C 16148T 16189C 16222T 16265C 16311C 16343G","SGDP",NA,"Other (Oceania)","Oth","Q1","Q","M*"
"SAMEA3302841","1-16569","Q1c1a","73G 89C 92A 146C 263G 310C 489C 750G 1391C 1438G 2706G 3107d 4117C 4707T 4769G 5460A 5843G 6221C 7028T 7388G 8701G 8790A 8860G 8964T 9540C 10398G 10400T 10801A 10873C 11719A 12705T 12940A 13368A 13500C 14025C 14404T 14766T 14783C 15043A 15301A 15326G 16129A 16144C 16148T 16241G 16265C 16311C 16343G 16488T","SGDP",NA,"Other (Oceania)","Oth","Q1","Q","M*"
"SAMEA3302905","1-16569","B4a1a1+16126","73G 146C 263G 310C 750G 1438G 2706G 3107d 4769G 5465C 6719C 7028T 8860G 9123A 10238C 11719A 12239T 14022G 14766T 15326G 15746G 16126C 16189C 16217C 16261T 16519C","SGDP",NA,"Other (Oceania)","Oth","B4","B","B"
"SAMEA3302908","1-16569","Y2a1","73G 146C 263G 482C 750G 1438G 2706G 3107d 4769G 5147A 5417A 6941C 7028T 7859A 8251A 8392A 8860G 10398G 11299C 11719A 12161C 12705T 14178C 14693G 14766T 14914G 15244G 15326G 16126C 16231C 16311C","SGDP",NA,"Other (Oceania)","Oth","Y2","Y","N9"
